Workbook

Sheet Configuracion
A1: campo | B1: valor | C1: descripcion
A2: capacidad_total | B2: 30 | C2: Cantidad total de lugares de estacionamiento
A3: tarifa_hora | B3: 500 | C3: Tarifa por hora en pesos
A4: tarifa_fraccion | B4: 250 | C4: Tarifa por fracción (30 min) en pesos
A5: tarifa_dia | B5: 3500 | C5: Tarifa máxima por día en pesos
A6: nombre_parking | B6: ParkControl Central | C6: Nombre del estacionamiento
A7: direccion | B7: Av. Corrientes 1234, CABA | C7: Dirección física
A8: telefono | B8: 011-4567-8901 | C8: Teléfono de contacto
A9: horario_apertura | B9: 06:00 | C9: Hora de apertura
A10: horario_cierre | B10: 23:00 | C10: Hora de cierre
A11: moneda | B11: ARS | C11: Moneda de operación

Sheet Vehiculos
A1: patente | B1: titular | C1: tipo | D1: habilitado | E1: abonado | F1: deuda | G1: telefono | H1: email | I1: fecha_registro
A2: AA123BB | B2: Juan Pérez | C2: Auto | D2: SI | E2: SI | F2: 0 | G2: 11-2345-6789 | H2: jperez@email.com | I2: 2026-01-15
A3: AC456DF | B3: María García | C3: Auto | D3: SI | E3: NO | F3: 3500 | G3: 11-3456-7890 | H3: mgarcia@email.com | I3: 2026-02-10
A4: AD789GH | B4: Carlos López | C4: Camioneta | D4: SI | E4: SI | F4: 0 | G4: 11-4567-8901 | H4: clopez@email.com | I4: 2026-01-20
A5: AE101IJ | B5: Ana Rodríguez | C5: Moto | D5: SI | E5: NO | F5: 0 | G5: 11-5678-9012 | H5: arodriguez@email.com | I5: 2026-03-05
A6: AF202KL | B6: Pablo Díaz | C6: Auto | D6: SI | E6: SI | F6: 0 | G6: 11-6789-0123 | H6: pdiaz@email.com | I6: 2026-01-25
A7: AD111EF | B7: Roberto Sánchez | C7: Auto | D7: SI | E7: NO | F7: 2000 | G7: 11-7890-1234 | H7: rsanchez@email.com | I7: 2026-02-15
A8: AG222HH | B8: Laura Fernández | C8: Auto | D8: SI | E8: NO | F8: 1500 | G8: 11-8901-2345 | H8: lfernandez@email.com | I8: 2026-02-28
A9: AI333JJ | B9: Diego Morales | C9: Auto | D9: SI | E9: NO | F9: 1000 | G9: 11-9012-3456 | H9: dmorales@email.com | I9: 2026-03-10
A10: AK444LL | B10: Sofía Martínez | C10: Auto | D10: NO | E10: NO | F10: 5000 | G10: 11-0123-4567 | H10: smartinez@email.com | I10: 2026-01-30
A11: AM555NN | B11: Lucas Romero | C11: Auto | D11: SI | E11: SI | F11: 0 | G11: 11-1234-5678 | H11: lromero@email.com | I11: 2026-03-15

Sheet Movimientos
A1: patente | B1: fecha | C1: hora | D1: tipo | E1: monto | F1: operador | G1: observaciones
A2: AF202KL | B2: 2026-05-01 | C2: 07:37:26 | D2: Entrada | E2: 0 | F2: Sistema
A3: AC456DF | B3: 2026-05-01 | C3: 07:48:42 | D3: Entrada | E3: 0 | F3: Sistema
A4: AI333JJ | B4: 2026-05-01 | C4: 08:44:22 | D4: Entrada | E4: 0 | F4: Sistema
A5: AI333JJ | B5: 2026-05-01 | C5: 10:57:50 | D5: Salida | E5: 1000 | F5: Sistema
A6: AM555NN | B6: 2026-05-01 | C6: 14:29:27 | D6: Entrada | E6: 0 | F6: Sistema
A7: AG222HH | B7: 2026-05-01 | C7: 14:51:02 | D7: Entrada | E7: 0 | F7: Sistema
A8: AA123BB | B8: 2026-05-01 | C8: 15:39:27 | D8: Entrada | E8: 0 | F8: Sistema
A9: AA123BB | B9: 2026-05-01 | C9: 17:05:56 | D9: Salida | E9: 1500 | F9: Sistema
A10: AG222HH | B10: 2026-05-01 | C10: 17:30:49 | D10: Salida | E10: 1000 | F10: Sistema
A11: AE101IJ | B11: 2026-05-01 | C11: 17:40:01 | D11: Entrada | E11: 0 | F11: Sistema
A12: AD789GH | B12: 2026-05-01 | C12: 17:55:10 | D12: Entrada | E12: 0 | F12: Sistema
A13: AD111EF | B13: 2026-05-01 | C13: 18:06:57 | D13: Entrada | E13: 0 | F13: Sistema
... A121: AF202KL | B121: 2026-05-08 | C121: 20:18:12 | D121: Salida | E121: 500 | F121: Sistema

Sheet Estadisticas
A1: fecha | B1: ingresos_dia | C1: salidas_dia | D1: recaudacion_dia | E1: ocupacion_max | F1: hora_pico_inicio | G1: hora_pico_fin | H1: ingresos_mes_acum | I1: promedio_diario
A2: 2026-05-01 | B2: =COUNTIFS(Movimientos!B:B,A2,Movimientos!D:D,"Entrada") | C2: =COUNTIFS(Movimientos!B:B,A2,Movimientos!D:D,"Salida") | D2: =SUMIFS(Movimientos!E:E,Movimientos!B:B,A2) | E2: =MAX(B2-C2+5,B2) | F2: 17:00 | G2: 19:00 | H2: =SUM(B$2:B2) | I2: =ROUND(H2/1,0)
A3: 2026-05-02 | B3: =COUNTIFS(Movimientos!B:B,A3,Movimientos!D:D,"Entrada") | C3: =COUNTIFS(Movimientos!B:B,A3,Movimientos!D:D,"Salida") | D3: =SUMIFS(Movimientos!E:E,Movimientos!B:B,A3) | E3: =MAX(B3-C3+5,B3) | F3: 17:00 | G3: 19:00 | H3: =SUM(B$2:B3) | I3: =ROUND(H3/2,0)
A4: 2026-05-03 | B4: =COUNTIFS(Movimientos!B:B,A4,Movimientos!D:D,"Entrada") | C4: =COUNTIFS(Movimientos!B:B,A4,Movimientos!D:D,"Salida") | D4: =SUMIFS(Movimientos!E:E,Movimientos!B:B,A4) | E4: =MAX(B4-C4+5,B4) | F4: 17:00 | G4: 19:00 | H4: =SUM(B$2:B4) | I4: =ROUND(H4/3,0)
A5: 2026-05-04 | B5: =COUNTIFS(Movimientos!B:B,A5,Movimientos!D:D,"Entrada") | C5: =COUNTIFS(Movimientos!B:B,A5,Movimientos!D:D,"Salida") | D5: =SUMIFS(Movimientos!E:E,Movimientos!B:B,A5) | E5: =MAX(B5-C5+5,B5) | F5: 17:00 | G5: 19:00 | H5: =SUM(B$2:B5) | I5: =ROUND(H5/4,0)
A6: 2026-05-05 | B6: =COUNTIFS(Movimientos!B:B,A6,Movimientos!D:D,"Entrada") | C6: =COUNTIFS(Movimientos!B:B,A6,Movimientos!D:D,"Salida") | D6: =SUMIFS(Movimientos!E:E,Movimientos!B:B,A6) | E6: =MAX(B6-C6+5,B6) | F6: 17:00 | G6: 19:00 | H6: =SUM(B$2:B6) | I6: =ROUND(H6/5,0)
A7: 2026-05-06 | B7: =COUNTIFS(Movimientos!B:B,A7,Movimientos!D:D,"Entrada") | C7: =COUNTIFS(Movimientos!B:B,A7,Movimientos!D:D,"Salida") | D7: =SUMIFS(Movimientos!E:E,Movimientos!B:B,A7) | E7: =MAX(B7-C7+5,B7) | F7: 17:00 | G7: 19:00 | H7: =SUM(B$2:B7) | I7: =ROUND(H7/6,0)
A8: 2026-05-07 | B8: =COUNTIFS(Movimientos!B:B,A8,Movimientos!D:D,"Entrada") | C8: =COUNTIFS(Movimientos!B:B,A8,Movimientos!D:D,"Salida") | D8: =SUMIFS(Movimientos!E:E,Movimientos!B:B,A8) | E8: =MAX(B8-C8+5,B8) | F8: 17:00 | G8: 19:00 | H8: =SUM(B$2:B8) | I8: =ROUND(H8/7,0)
A9: 2026-05-08 | B9: =COUNTIFS(Movimientos!B:B,A9,Movimientos!D:D,"Entrada") | C9: =COUNTIFS(Movimientos!B:B,A9,Movimientos!D:D,"Salida") | D9: =SUMIFS(Movimientos!E:E,Movimientos!B:B,A9) | E9: =MAX(B9-C9+5,B9) | F9: 17:00 | G9: 19:00 | H9: =SUM(B$2:B9) | I9: =ROUND(H9/8,0)
A11: TOTALES | B11: =SUM(B2:B9) | C11: =SUM(C2:C9) | D11: =SUM(D2:D9) | E11: =MAX(E2:E9) | H11: =H9 | I11: =ROUND(AVERAGE(I2:I9),0)
A13: 📊 RESUMEN DE FÓRMULAS
A14: Campo | B14: Fórmula (lógica) | D14: Descripción
A15: ingresos_dia | B15: =COUNTIFS(Movimientos!B:B, fecha, Movimientos!D:D, "Entrada") | D15: Cuenta entradas del día
A16: salidas_dia | B16: =COUNTIFS(Movimientos!B:B, fecha, Movimientos!D:D, "Salida") | D16: Cuenta salidas del día
A17: recaudacion_dia | B17: =SUMIFS(Movimientos!E:E, Movimientos!B:B, fecha) | D17: Suma montos cobrados ese día
A18: ingresos_mes_acum | B18: =SUM(B$2:B[fila]) | D18: Acumulado de ingresos en el mes
A19: promedio_diario | B19: =ROUND(acumulado / día, 0) | D19: Promedio de ingresos por día

Sheet Usuarios
A1: usuario | B1: password | C1: nombre | D1: rol | E1: activo | F1: ultimo_login
A2: admin | B2: admin123 | C2: Administrador | D2: admin | E2: SI | F2: 2026-05-08 10:30:00
A3: operador | B3: oper123 | C3: Juan Operador | D3: operador | E3: SI | F3: 2026-05-08 08:00:00
A4: visor | B4: visor123 | C4: María Consulta | D4: visor | E4: SI | F4: 2026-05-07 14:15:00
A5: carlos | B5: carlos123 | C5: Carlos López | D5: operador | E5: SI | F5: 2026-05-06 09:00:00
A6: ana | B6: ana123 | C6: Ana Rodríguez | D6: visor | E6: NO | F6: 2026-04-20 11:00:00
A9: 🔐 PERMISOS POR ROL
A10: Permiso | B10: admin | C10: operador | D10: visor
A11: Ver dashboard | B11: ✅ | C11: ✅ | D11: ✅
A12: Ver estadísticas | B12: ✅ | C12: ✅ | D12: ✅
A13: Abrir barrera | B13: ✅ | C13: ✅ | D13: ❌
A14: Ver historial | B14: ✅ | C14: ✅ | D14: ❌
A15: Ver vehículos | B15: ✅ | C15: ✅ | D15: ❌
A16: Gestionar vehículos | B16: ✅ | C16: ❌ | D16: ❌
A17: Ver deudas | B17: ✅ | C17: ✅ | D17: ❌
A18: Cobrar deudas | B18: ✅ | C18: ❌ | D18: ❌
A19: Ver reportes | B19: ✅ | C19: ❌ | D19: ❌
A20: Configuración | B20: ✅ | C20: ❌ | D20: ❌
A21: Gestionar usuarios | B21: ✅ | C21: ❌ | D21: ❌

Sheet Dashboard_Resumen
A1: 📊 PARKCONTROL - RESUMEN EN TIEMPO REAL
A3: INDICADOR | B3: VALOR | C3: FÓRMULA APLICADA
A4: Capacidad Total | B4: =VLOOKUP("capacidad_total",Configuracion!A:B,2,FALSE) | C4: VLOOKUP("capacidad_total",Configuracion!A:B,2,FALSE)
A5: Vehículos Registrados | B5: =COUNTA(Vehiculos!A:A)-1 | C5: COUNTA(Vehiculos!A:A)-1
A6: Vehículos Habilitados | B6: =COUNTIF(Vehiculos!D:D,"SI") | C6: COUNTIF(Vehiculos!D:D,"SI")
A7: Vehículos con Deuda | B7: =COUNTIF(Vehiculos!F2:F1000,">"&0) | C7: COUNTIF(Vehiculos!F2:F1000,">"&0)
A8: Deuda Total | B8: =SUMIF(Vehiculos!F2:F1000,">"&0,Vehiculos!F2:F1000) | C8: SUMIF(Vehiculos!F2:F1000,">"&0,Vehiculos!F2:F1000)
A9: Total Movimientos | B9: =COUNTA(Movimientos!A:A)-1 | C9: COUNTA(Movimientos!A:A)-1
A10: Total Entradas | B10: =COUNTIF(Movimientos!D:D,"Entrada") | C10: COUNTIF(Movimientos!D:D,"Entrada")
A11: Total Salidas | B11: =COUNTIF(Movimientos!D:D,"Salida") | C11: COUNTIF(Movimientos!D:D,"Salida")
A12: Recaudación Total | B12: =SUM(Movimientos!E:E) | C12: SUM(Movimientos!E:E)
A13: Usuarios Activos | B13: =COUNTIF(Usuarios!E:E,"SI") | C13: COUNTIF(Usuarios!E:E,"SI")
A14: Abonados | B14: =COUNTIF(Vehiculos!E:E,"SI") | C14: COUNTIF(Vehiculos!E:E,"SI")
A15: Tarifa por Hora | B15: =VLOOKUP("tarifa_hora",Configuracion!A:B,2,FALSE) | C15: VLOOKUP("tarifa_hora",Configuracion!A:B,2,FALSE)
A18: 💰 TOP DEUDORES
A19: # | B19: Patente | C19: Titular | D19: Deuda
A20: 1 | B20: AK444LL | C20: =VLOOKUP(B20,Vehiculos!A:B,2,FALSE) | D20: =VLOOKUP(B20,Vehiculos!A:F,6,FALSE)
A21: 2 | B21: AC456DF | C21: =VLOOKUP(B21,Vehiculos!A:B,2,FALSE) | D21: =VLOOKUP(B21,Vehiculos!A:F,6,FALSE)
A22: 3 | B22: AD111EF | C22: =VLOOKUP(B22,Vehiculos!A:B,2,FALSE) | D22: =VLOOKUP(B22,Vehiculos!A:F,6,FALSE)
A23: 4 | B23: AG222HH | C23: =VLOOKUP(B23,Vehiculos!A:B,2,FALSE) | D23: =VLOOKUP(B23,Vehiculos!A:F,6,FALSE)
A24: 5 | B24: AI333JJ | C24: =VLOOKUP(B24,Vehiculos!A:B,2,FALSE) | D24: =VLOOKUP(B24,Vehiculos!A:F,6,FALSE)
